{
    "loss": 8.486798286437988,
    "accuracy": 0.7866735458374023
}