{
    "loss": 2.147639513015747,
    "accuracy": 0.6441115736961365
}