{
    "loss": 1.3335319757461548,
    "accuracy": 0.8564049601554871
}